Date,Description,Amount,Type,Balance
2026-01-01,UPI-Ananya Iyer-ananya.iyer@ybl-696582-PAYMENT,1777.7,DEBIT,33222.3
2026-01-01,NEFT-TECHCORP SOLUTIONS PVT LTD-SAL-960013,42000,CREDIT,75222.3
2026-01-01,UPI-FITZONE GYM-fitzone@ybl-043321,1200,DEBIT,74022.3
2026-01-01,UPI-Ananya Iyer-ananya.iyer@ybl-898364-PAYMENT,1541.42,DEBIT,72480.88
2026-01-02,UPI-Rohan Mehta-rohan.mehta@paytm-613791,1432.46,DEBIT,71048.42
2026-01-02,POS 3321 UBER TRIP,137.56,DEBIT,70910.86
2026-01-02,UBER INDIA SYSTEMS-159696,241.4,DEBIT,70669.46
2026-01-03,NETFLIX.COM-838637-RECURRING,199,DEBIT,70470.46
2026-01-04,BHARTI AIRTEL LTD-026542,799,DEBIT,69671.46
2026-01-05,MYNTRA DESIGNS PVT LTD-752895,1766.18,DEBIT,67905.28
2026-01-05,POS 3321 UBER TRIP,220.68,DEBIT,67684.6
2026-01-05,UPI-CULTFIT-cultfit@ybl-116155,1499,DEBIT,66185.6
2026-01-05,UPI-ZOMATO-zomato.37@icici-102499,558.79,DEBIT,65626.81
2026-01-06,BSES RAJDHANI POWER LTD-801006,2267.04,DEBIT,63359.77
2026-01-07,POS 4521 SWIGGY BANGALORE,511.96,DEBIT,62847.81
2026-01-07,UPI-UBER INDIA-uber.payments@hdfcbank-244510,191.53,DEBIT,62656.28
2026-01-07,ANI TECHNOLOGIES PVT LTD-842199,343.22,DEBIT,62313.06
2026-01-08,ANI TECHNOLOGIES PVT LTD-437575,380.69,DEBIT,61932.37
2026-01-08,UPI-OLA CABS-olamoney@icici-301657,86.75,DEBIT,61845.62
2026-01-09,UPI-JIO RECHARGE-jio@icici-250392,460.88,DEBIT,61384.74
2026-01-09,POS 9012 DMART RETAIL,427.5,DEBIT,60957.24
2026-01-09,POS 1190 AMAZON PAY INDIA,1860.78,DEBIT,59096.46
2026-01-09,POS 4521 SWIGGY BANGALORE,288.55,DEBIT,58807.91
2026-01-11,UPI-SPOTIFY-spotify@axisbank-078161,119,DEBIT,58688.91
2026-01-12,IMPS-RENT PAYMENT-604661,14000.0,DEBIT,44688.91
2026-01-12,UPI-UBER INDIA-uber.payments@hdfcbank-369681,112.61,DEBIT,44576.3
2026-01-13,UBER INDIA SYSTEMS-254599,235.34,DEBIT,44340.96
2026-01-14,POS 7782 ZOMATO ONLINE,480.54,DEBIT,43860.42
2026-01-15,UPI-UBER INDIA-uber.payments@hdfcbank-815614,233.25,DEBIT,43627.17
2026-01-15,POS 7782 ZOMATO ONLINE,205.96,DEBIT,43421.21
2026-01-17,NOVI DIGITAL ENTERTAINMENT-959310,299,DEBIT,43122.21
2026-01-19,UBER INDIA SYSTEMS-899809,163.68,DEBIT,42958.53
2026-01-19,PVR LIMITED-706625,559.89,DEBIT,42398.64
2026-01-20,UPI-Swiggy Limited-swiggy@axisbank-226025,479.75,DEBIT,41918.89
2026-01-21,MINDWELL TECHNOLOGIES-413164-AUTOPAY,149,DEBIT,41769.89
2026-01-21,UPI-UBER INDIA-uber.payments@hdfcbank-605297,234.55,DEBIT,41535.34
2026-01-21,UPI-FLIPKART-flipkart.52@hdfcbank-673657,1616.44,DEBIT,39918.9
2026-01-22,POS 3321 UBER TRIP,299.46,DEBIT,39619.44
2026-01-22,ANI TECHNOLOGIES PVT LTD-973348,324.76,DEBIT,39294.68
2026-01-22,BLINKIT INSTAMART-617979,342.68,DEBIT,38952.0
2026-01-22,UPI-BIGBASKET-bigbasket@ybl-965610,593.76,DEBIT,38358.24
2026-01-22,UPI-OLA CABS-olamoney@icici-826773,324.35,DEBIT,38033.89
2026-01-22,POS 1190 AMAZON PAY INDIA,1697.77,DEBIT,36336.12
2026-01-23,UPI-ZEPTO-zepto@icici-167243,412.06,DEBIT,35924.06
2026-01-23,UPI-SWIGGY-swiggy.6@ybl-598262-PAYMENT,553.89,DEBIT,35370.17
2026-01-25,UPI-Swiggy Limited-swiggy@axisbank-786801,590.3,DEBIT,34779.87
2026-01-26,UPI-Swiggy Limited-swiggy@axisbank-421607,441.56,DEBIT,34338.31
2026-01-26,UPI-Ananya Iyer-ananya.iyer@ybl-389994-PAYMENT,337.71,DEBIT,34000.6
2026-01-26,ANI TECHNOLOGIES PVT LTD-198665,308.15,DEBIT,33692.45
2026-01-26,UPI-SWIGGY-swiggy.53@ybl-533158-PAYMENT,586.65,DEBIT,33105.8
2026-01-26,UPI-OLA CABS-olamoney@icici-415747,118.34,DEBIT,32987.46
2026-01-27,UPI-ZEPTO-zepto@icici-193982,1132.33,DEBIT,31855.13
2026-01-27,UPI-UBER INDIA-uber.payments@hdfcbank-244550,336.58,DEBIT,31518.55
2026-01-28,AMAZON SELLER SERVICES-851604,1552.32,DEBIT,29966.23
2026-01-28,UPI-BIGBASKET-bigbasket@ybl-589113,1014.64,DEBIT,28951.59
2026-01-28,POS 3321 UBER TRIP,133.0,DEBIT,28818.59
2026-01-29,UPI-SWIGGY REFUND-swiggy.17@ybl-172233-REFUND,275.53,CREDIT,29094.12
2026-02-01,AMAZON PRIME MEMBERSHIP-255341,1499,DEBIT,27595.12
2026-02-01,UPI-FITZONE GYM-fitzone@ybl-832764,1200,DEBIT,26395.12
2026-02-01,NEFT-TECHCORP SOLUTIONS PVT LTD-SAL-503056,42000,CREDIT,68395.12
2026-02-02,POS 4521 SWIGGY BANGALORE,172.03,DEBIT,68223.09
2026-02-03,UPI-JIO RECHARGE-jio@icici-968562,352.87,DEBIT,67870.22
2026-02-03,UPI-Zomato Limited-551256-PAYMENT,361.5,DEBIT,67508.72
2026-02-03,BSES RAJDHANI POWER LTD-387509,1931.47,DEBIT,65577.25
2026-02-03,BUNDL TECHNOLOGIES PVT LTD-951484,575.46,DEBIT,65001.79
2026-02-03,UPI-Rohan Mehta-rohan.mehta@ybl-856914-PAYMENT,969.22,DEBIT,64032.57
2026-02-03,NETFLIX.COM-395376-RECURRING,199,DEBIT,63833.57
2026-02-04,BHARTI AIRTEL LTD-242388,799,DEBIT,63034.57
2026-02-04,UPI-Zomato Limited-808760-PAYMENT,586.58,DEBIT,62447.99
2026-02-04,UPI-PHARMEASY-pharmeasy@ybl-688444,364.88,DEBIT,62083.11
2026-02-05,UPI-CULTFIT-cultfit@ybl-965328,1499,DEBIT,60584.11
2026-02-06,ANI TECHNOLOGIES PVT LTD-685161,271.61,DEBIT,60312.5
2026-02-06,BLINKIT INSTAMART-736226,563.74,DEBIT,59748.76
2026-02-08,UPI-Karan Verma-karanv90@ybl-421020-PAYMENT,838.62,DEBIT,58910.14
2026-02-09,BLINKIT INSTAMART-859696,988.38,DEBIT,57921.76
2026-02-09,UBER INDIA SYSTEMS-814770,298.83,DEBIT,57622.93
2026-02-09,UPI-PVR CINEMAS-pvr@hdfcbank-099934,467.91,DEBIT,57155.02
2026-02-10,UPI-AMAZON PAY-amazonpay@apl-138267,2191.85,DEBIT,54963.17
2026-02-10,UPI-BIGBASKET-bigbasket@ybl-125457,669.97,DEBIT,54293.2
2026-02-11,UPI-Swiggy Limited-swiggy@axisbank-433200,164.83,DEBIT,54128.37
2026-02-11,POS 3321 UBER TRIP,114.97,DEBIT,54013.4
2026-02-11,UPI-OLA CABS-olamoney@icici-193802,164.19,DEBIT,53849.21
2026-02-11,SPOTIFY INDIA-012269-AUTOPAY,119,DEBIT,53730.21
2026-02-11,POS 4521 SWIGGY BANGALORE,343.19,DEBIT,53387.02
2026-02-12,UPI-UBER INDIA-uber.payments@hdfcbank-199867,387.73,DEBIT,52999.29
2026-02-13,UPI-SWIGGY-swiggy.84@ybl-443699-PAYMENT,383.01,DEBIT,52616.28
2026-02-13,UBER INDIA SYSTEMS-281685,318.09,DEBIT,52298.19
2026-02-16,UPI-Zomato Limited-807154-PAYMENT,279.7,DEBIT,52018.49
2026-02-16,UPI-Ananya Iyer-ananya.iyer@ybl-524105-PAYMENT,1720.13,DEBIT,50298.36
2026-02-17,UPI-UBER INDIA-uber.payments@hdfcbank-715182,135.82,DEBIT,50162.54
2026-02-17,BLINKIT INSTAMART-177514,753.66,DEBIT,49408.88
2026-02-17,UPI-Zomato Limited-703482-PAYMENT,312.8,DEBIT,49096.08
2026-02-18,POS 3321 UBER TRIP,433.07,DEBIT,48663.01
2026-02-19,ANI TECHNOLOGIES PVT LTD-478872,268.92,DEBIT,48394.09
2026-02-19,UPI-ZOMATO-zomato.56@icici-787429,168.1,DEBIT,48225.99
2026-02-19,IMPS-RENT PAYMENT-224447,14000.0,DEBIT,34225.99
2026-02-19,UBER INDIA SYSTEMS-462914,325.54,DEBIT,33900.45
2026-02-19,POS 3321 UBER TRIP,317.91,DEBIT,33582.54
2026-02-19,MYNTRA DESIGNS PVT LTD-939172,444.37,DEBIT,33138.17
2026-02-19,UPI-SWIGGY-swiggy.56@ybl-608835-PAYMENT,211.24,DEBIT,32926.93
2026-02-19,MYNTRA DESIGNS PVT LTD-442209,1540.05,DEBIT,31386.88
2026-02-20,POS 2210 APOLLO PHARMACY,888.22,DEBIT,30498.66
2026-02-20,POS 3321 UBER TRIP,136.56,DEBIT,30362.1
2026-02-20,UBER INDIA SYSTEMS-466590,138.74,DEBIT,30223.36
2026-02-20,UPI-AMAZON PAY-amazonpay@apl-746120,641.96,DEBIT,29581.4
2026-02-21,MINDWELL TECHNOLOGIES-697848-AUTOPAY,149,DEBIT,29432.4
2026-02-23,UPI-Swiggy Limited-swiggy@axisbank-366299,261.91,DEBIT,29170.49
2026-02-23,AMAZON SELLER SERVICES-926179,2091.89,DEBIT,27078.6
2026-02-23,UPI-ZEPTO-zepto@icici-191825,418.5,DEBIT,26660.1
2026-02-24,UBER INDIA SYSTEMS-218188,205.62,DEBIT,26454.48
2026-02-24,FLIPKART INTERNET PVT LTD-545271,441.72,DEBIT,26012.76
2026-02-25,UPI-Priya Sharma-priyasharma22@ybl-430068-PAYMENT,224.09,DEBIT,25788.67
2026-02-25,UPI-Karan Verma-karanv90@ybl-889241-PAYMENT,806.23,DEBIT,24982.44
2026-02-25,POS 3321 UBER TRIP,209.27,DEBIT,24773.17
2026-02-26,UPI-BIGBASKET-bigbasket@ybl-512382,1038.47,DEBIT,23734.7
2026-02-26,UPI-OLA CABS-olamoney@icici-742054,107.17,DEBIT,23627.53
2026-02-27,UPI-OLA CABS-olamoney@icici-672400,128.01,DEBIT,23499.52
2026-03-01,UPI-FITZONE GYM-fitzone@ybl-845146,1200,DEBIT,22299.52
2026-03-01,NEFT-TECHCORP SOLUTIONS PVT LTD-SAL-048281,42000,CREDIT,64299.52
2026-03-02,AMAZN PAY IND-773515,1580.25,DEBIT,62719.27
2026-03-02,UBER INDIA SYSTEMS-818141,317.24,DEBIT,62402.03
2026-03-03,MYNTRA DESIGNS PVT LTD-215704,732.43,DEBIT,61669.6
2026-03-03,UPI-NETFLIX-netflix@icici-893252,199,DEBIT,61470.6
2026-03-04,UPI-AIRTEL BROADBAND-airtel@paytm-957015,799,DEBIT,60671.6
2026-03-04,POS 4521 SWIGGY BANGALORE,339.1,DEBIT,60332.5
2026-03-05,CURE FIT HEALTHCARE-039117-AUTOPAY,1499,DEBIT,58833.5
2026-03-05,POS 9012 DMART RETAIL,541.48,DEBIT,58292.02
2026-03-05,BLINKIT INSTAMART-905072,383.87,DEBIT,57908.15
2026-03-06,ANI TECHNOLOGIES PVT LTD-145933,203.79,DEBIT,57704.36
2026-03-06,POS 3321 UBER TRIP,180.93,DEBIT,57523.43
2026-03-06,IMPS-RENT PAYMENT-471543,14000.0,DEBIT,43523.43
2026-03-08,UPI-SWIGGY-swiggy.72@ybl-632870-PAYMENT,450.06,DEBIT,43073.37
2026-03-09,UPI-Zomato Limited-737826-PAYMENT,336.97,DEBIT,42736.4
2026-03-10,POS 7782 ZOMATO ONLINE,476.72,DEBIT,42259.68
2026-03-10,UPI-OLA CABS-olamoney@icici-453017,262.21,DEBIT,41997.47
2026-03-10,UPI-UBER INDIA-uber.payments@hdfcbank-888059,392.44,DEBIT,41605.03
2026-03-10,UPI-UBER INDIA-uber.payments@hdfcbank-573322,146.7,DEBIT,41458.33
2026-03-10,POS 3321 UBER TRIP,367.91,DEBIT,41090.42
2026-03-11,UPI-SWIGGY-swiggy.9@ybl-223623-PAYMENT,548.65,DEBIT,40541.77
2026-03-11,UPI-PVR CINEMAS-pvr@hdfcbank-059304,533.03,DEBIT,40008.74
2026-03-11,SPOTIFY INDIA-278248-AUTOPAY,119,DEBIT,39889.74
2026-03-11,POS 7782 ZOMATO ONLINE,398.36,DEBIT,39491.38
2026-03-12,UPI-Priya Sharma-priyasharma22@ybl-380003-PAYMENT,367.43,DEBIT,39123.95
2026-03-12,UPI-MYNTRA-myntra@icici-006762,758.58,DEBIT,38365.37
2026-03-12,BLINKIT INSTAMART-924991,589.98,DEBIT,37775.39
2026-03-13,UPI-AMAZON PAY-amazonpay@apl-713900,751.04,DEBIT,37024.35
2026-03-14,UPI-AMAZON PAY-amazonpay@apl-616329,1999.0,DEBIT,35025.35
2026-03-14,POS 1190 AMAZON PAY INDIA,1999.0,DEBIT,33026.35
2026-03-14,UPI-ZOMATO-zomato.91@icici-712748,596.52,DEBIT,32429.83
2026-03-14,UPI-UBER INDIA-uber.payments@hdfcbank-615305,265.74,DEBIT,32164.09
2026-03-16,BUNDL TECHNOLOGIES PVT LTD-466889,122.83,DEBIT,32041.26
2026-03-16,ANI TECHNOLOGIES PVT LTD-687833,120.55,DEBIT,31920.71
2026-03-16,UPI-Rohan Mehta-rohan.mehta@ybl-086353-PAYMENT,718.76,DEBIT,31201.95
2026-03-16,UPI-OLA CABS-olamoney@icici-046374,176.79,DEBIT,31025.16
2026-03-17,UPI-Priya Sharma-priyasharma22@paytm-785079,208.58,DEBIT,30816.58
2026-03-17,POS 4521 SWIGGY BANGALORE,324.84,DEBIT,30491.74
2026-03-17,UPI-ELECTRICITY BILL-bbps@upi-086211,1955.51,DEBIT,28536.23
2026-03-17,UPI-JIO RECHARGE-jio@icici-016315,433.18,DEBIT,28103.05
2026-03-18,PVR LIMITED-578759,776.91,DEBIT,27326.14
2026-03-18,UPI-PVR CINEMAS-pvr@hdfcbank-462638,587.42,DEBIT,26738.72
2026-03-18,UPI-SWIGGY-swiggy.49@ybl-366909-PAYMENT,343.64,DEBIT,26395.08
2026-03-19,POS 9012 DMART RETAIL,629.64,DEBIT,25765.44
2026-03-20,UPI-ZOMATO-zomato.1@icici-146584,378.71,DEBIT,25386.73
2026-03-20,UPI-UBER INDIA-uber.payments@hdfcbank-798089,249.13,DEBIT,25137.6
2026-03-20,UPI-UBER INDIA-uber.payments@hdfcbank-292706,219.39,DEBIT,24918.21
2026-03-20,UPI-SWIGGY-swiggy.52@ybl-769367-PAYMENT,527.87,DEBIT,24390.34
2026-03-21,MINDWELL TECHNOLOGIES-383465-AUTOPAY,149,DEBIT,24241.34
2026-03-23,UBER INDIA SYSTEMS-095396,133.12,DEBIT,24108.22
2026-03-23,POS 3321 UBER TRIP,253.57,DEBIT,23854.65
2026-03-23,UPI-ZOMATO-zomato.71@icici-932480,368.12,DEBIT,23486.53
2026-03-24,UBER INDIA SYSTEMS-143410,305.29,DEBIT,23181.24
2026-03-24,UPI-Priya Sharma-priyasharma22@paytm-180238,643.89,DEBIT,22537.35
2026-03-25,UBER INDIA SYSTEMS-383473,356.96,DEBIT,22180.39
2026-03-25,UPI-Swiggy Limited-swiggy@axisbank-471434,370.22,DEBIT,21810.17
2026-03-26,UPI-AMAZON PAY-amazonpay@apl-839335,1328.72,DEBIT,20481.45
2026-03-27,UBER INDIA SYSTEMS-220472,344.44,DEBIT,20137.01
2026-04-01,FITZONE FITNESS CENTER-133150,1200,DEBIT,18937.01
2026-04-01,NEFT-TECHCORP SOLUTIONS PVT LTD-SAL-930103,42000,CREDIT,60937.01
2026-04-01,UPI-Priya Sharma-priyasharma22@ybl-850506-PAYMENT,1685.08,DEBIT,59251.93
2026-04-02,UPI-OLA CABS-olamoney@icici-982258,343.5,DEBIT,58908.43
2026-04-02,UPI-PVR CINEMAS-pvr@hdfcbank-965223,758.43,DEBIT,58150.0
2026-04-03,UPI-Ananya Iyer-ananya.iyer@paytm-518705,1590.89,DEBIT,56559.11
2026-04-03,UPI-SWIGGY-swiggy.31@ybl-033092-PAYMENT,494.99,DEBIT,56064.12
2026-04-03,ANI TECHNOLOGIES PVT LTD-180170,84.95,DEBIT,55979.17
2026-04-03,POS 3321 UBER TRIP,167.32,DEBIT,55811.85
2026-04-03,NETFLIX.COM-518347-RECURRING,199,DEBIT,55612.85
2026-04-03,POS 7782 ZOMATO ONLINE,255.65,DEBIT,55357.2
2026-04-04,UPI-AIRTEL BROADBAND-airtel@paytm-997376,799,DEBIT,54558.2
2026-04-05,CURE FIT HEALTHCARE-165667-AUTOPAY,1499,DEBIT,53059.2
2026-04-06,POS 4521 SWIGGY BANGALORE,144.14,DEBIT,52915.06
2026-04-06,POS 3321 UBER TRIP,387.24,DEBIT,52527.82
2026-04-06,UBER INDIA SYSTEMS-155188,412.51,DEBIT,52115.31
2026-04-07,BUNDL TECHNOLOGIES PVT LTD-529912,343.22,DEBIT,51772.09
2026-04-07,UPI-BIGBASKET-bigbasket@ybl-340745,1387.22,DEBIT,50384.87
2026-04-08,POS 4521 SWIGGY BANGALORE,251.01,DEBIT,50133.86
2026-04-08,UPI-ELECTRICITY BILL-bbps@upi-546156,1107.09,DEBIT,49026.77
2026-04-08,UPI-UBER INDIA-uber.payments@hdfcbank-589578,372.44,DEBIT,48654.33
2026-04-08,POS 3321 UBER TRIP,351.19,DEBIT,48303.14
2026-04-08,UPI-Karan Verma-karanv90@paytm-719182,1625.39,DEBIT,46677.75
2026-04-09,POS 3321 UBER TRIP,93.55,DEBIT,46584.2
2026-04-09,AMAZN PAY IND-284210,1916.67,DEBIT,44667.53
2026-04-10,UPI-Ananya Iyer-ananya.iyer@ybl-759738-PAYMENT,1058.47,DEBIT,43609.06
2026-04-10,POS 9012 DMART RETAIL,190.87,DEBIT,43418.19
2026-04-10,POS 3321 UBER TRIP,395.0,DEBIT,43023.19
2026-04-10,POS 4521 SWIGGY BANGALORE,396.38,DEBIT,42626.81
2026-04-10,UPI-UBER INDIA-uber.payments@hdfcbank-054868,154.59,DEBIT,42472.22
2026-04-11,SPOTIFY INDIA-106513-AUTOPAY,119,DEBIT,42353.22
2026-04-13,UBER INDIA SYSTEMS-527758,355.02,DEBIT,41998.2
2026-04-13,UBER INDIA SYSTEMS-310278,196.32,DEBIT,41801.88
2026-04-13,UPI-UBER INDIA-uber.payments@hdfcbank-654051,403.13,DEBIT,41398.75
2026-04-13,MYNTRA DESIGNS PVT LTD-179327,891.07,DEBIT,40507.68
2026-04-13,UPI-Zomato Limited-865780-PAYMENT,442.43,DEBIT,40065.25
2026-04-14,POS 3321 UBER TRIP,109.2,DEBIT,39956.05
2026-04-14,UPI-SWIGGY-swiggy.84@ybl-708053-PAYMENT,241.09,DEBIT,39714.96
2026-04-14,UPI-OLA CABS-olamoney@icici-656766,129.39,DEBIT,39585.57
2026-04-15,UPI-Zomato Limited-026217-PAYMENT,194.87,DEBIT,39390.7
2026-04-15,POS 3321 UBER TRIP,159.39,DEBIT,39231.31
2026-04-15,UPI-BIGBASKET-bigbasket@ybl-339596,1231.61,DEBIT,37999.7
2026-04-15,ANI TECHNOLOGIES PVT LTD-406403,256.09,DEBIT,37743.61
2026-04-16,BLINKIT INSTAMART-677219,661.42,DEBIT,37082.19
2026-04-17,UPI-BIGBASKET-bigbasket@ybl-485807,291.51,DEBIT,36790.68
2026-04-17,POS 3321 UBER TRIP,376.41,DEBIT,36414.27
2026-04-17,NOVI DIGITAL ENTERTAINMENT-872624,299,DEBIT,36115.27
2026-04-17,UPI-PVR CINEMAS-pvr@hdfcbank-213348,514.46,DEBIT,35600.81
2026-04-20,POS 4521 SWIGGY BANGALORE,376.38,DEBIT,35224.43
2026-04-20,IMPS-RENT PAYMENT-124065,14000.0,DEBIT,21224.43
2026-04-20,UPI-OLA CABS-olamoney@icici-878519,358.13,DEBIT,20866.3
2026-04-20,POS 9012 DMART RETAIL,324.04,DEBIT,20542.26
2026-04-21,UPI-JIO RECHARGE-jio@icici-735866,348.2,DEBIT,20194.06
2026-04-21,MINDWELL TECHNOLOGIES-178108-AUTOPAY,149,DEBIT,20045.06
2026-04-22,UBER INDIA SYSTEMS-571928,246.47,DEBIT,19798.59
2026-04-22,UPI-SWIGGY-swiggy.9@ybl-905865-PAYMENT,408.2,DEBIT,19390.39
2026-04-22,UPI-OLA CABS-olamoney@icici-512868,388.17,DEBIT,19002.22
2026-04-22,UBER INDIA SYSTEMS-962757,189.39,DEBIT,18812.83
2026-04-22,UBER INDIA SYSTEMS-188888,111.68,DEBIT,18701.15
2026-04-23,UPI-OLA CABS-olamoney@icici-870728,262.44,DEBIT,18438.71
2026-04-23,UPI-PVR CINEMAS-pvr@hdfcbank-599293,515.27,DEBIT,17923.44
2026-04-23,UPI-ZEPTO-zepto@icici-812604,515.79,DEBIT,17407.65
2026-04-24,UPI-Rohan Mehta-rohan.mehta@ybl-670241-PAYMENT,622.77,DEBIT,16784.88
2026-04-24,UPI-OLA CABS-olamoney@icici-047868,392.98,DEBIT,16391.9
2026-04-24,UBER INDIA SYSTEMS-964016,401.91,DEBIT,15989.99
2026-04-27,ANI TECHNOLOGIES PVT LTD-524310,145.79,DEBIT,15844.2
2026-04-28,UPI-ZOMATO-zomato.5@icici-576627,499.0,DEBIT,15345.2
2026-05-01,UPI-FITZONE GYM-fitzone@ybl-326773,1200,DEBIT,14145.2
2026-05-01,NEFT-TECHCORP SOLUTIONS PVT LTD-SAL-260647,42000,CREDIT,56145.2
2026-05-01,UPI-ZOMATO-zomato.68@icici-455623,170.7,DEBIT,55974.5
2026-05-01,UPI-Zomato Limited-482175-PAYMENT,554.51,DEBIT,55419.99
2026-05-01,UPI-Swiggy Limited-swiggy@axisbank-634957,164.67,DEBIT,55255.32
2026-05-01,UPI-PVR CINEMAS-pvr@hdfcbank-252500,499.04,DEBIT,54756.28
2026-05-03,POS 3321 UBER TRIP,227.32,DEBIT,54528.96
2026-05-03,UPI-NETFLIX-netflix@icici-872343,199,DEBIT,54329.96
2026-05-04,FLIPKART INTERNET PVT LTD-280988,1416.63,DEBIT,52913.33
2026-05-04,UBER INDIA SYSTEMS-147321,198.07,DEBIT,52715.26
2026-05-04,BUNDL TECHNOLOGIES PVT LTD-352408,519.66,DEBIT,52195.6
2026-05-04,UPI-AIRTEL BROADBAND-airtel@paytm-500978,799,DEBIT,51396.6
2026-05-05,CURE FIT HEALTHCARE-081219-AUTOPAY,1499,DEBIT,49897.6
2026-05-05,UPI-Ananya Iyer-ananya.iyer@paytm-655743,502.51,DEBIT,49395.09
2026-05-06,UPI-Karan Verma-karanv90@paytm-883171,152.84,DEBIT,49242.25
2026-05-06,BUNDL TECHNOLOGIES PVT LTD-987769,472.22,DEBIT,48770.03
2026-05-06,UPI-PVR CINEMAS-pvr@hdfcbank-039308,594.26,DEBIT,48175.77
2026-05-06,POS 3321 UBER TRIP,298.97,DEBIT,47876.8
2026-05-06,POS 3321 UBER TRIP,199.38,DEBIT,47677.42
2026-05-07,UPI-Priya Sharma-priyasharma22@ybl-127756-PAYMENT,331.39,DEBIT,47346.03
2026-05-07,UPI-Ananya Iyer-ananya.iyer@ybl-135680-PAYMENT,1521.07,DEBIT,45824.96
2026-05-08,UPI-ZEPTO-zepto@icici-367294,332.8,DEBIT,45492.16
2026-05-08,UBER INDIA SYSTEMS-004797,159.6,DEBIT,45332.56
2026-05-08,POS 7782 ZOMATO ONLINE,373.95,DEBIT,44958.61
2026-05-11,UPI-BIGBASKET-bigbasket@ybl-751863,877.44,DEBIT,44081.17
2026-05-11,UPI-SWIGGY-swiggy.86@ybl-473799-PAYMENT,528.82,DEBIT,43552.35
2026-05-11,SPOTIFY INDIA-619399-AUTOPAY,119,DEBIT,43433.35
2026-05-11,ANI TECHNOLOGIES PVT LTD-246287,299.78,DEBIT,43133.57
2026-05-11,UBER INDIA SYSTEMS-785289,317.67,DEBIT,42815.9
2026-05-12,AMAZN PAY IND-950240,1779.76,DEBIT,41036.14
2026-05-12,BUNDL TECHNOLOGIES PVT LTD-443135,457.37,DEBIT,40578.77
2026-05-13,POS 3321 UBER TRIP,98.93,DEBIT,40479.84
2026-05-13,POS 4521 SWIGGY BANGALORE,281.47,DEBIT,40198.37
2026-05-14,UPI-BIGBASKET-bigbasket@ybl-168457,618.97,DEBIT,39579.4
2026-05-14,UPI-ZOMATO-zomato.88@icici-221969,404.67,DEBIT,39174.73
2026-05-15,UPI-UBER INDIA-uber.payments@hdfcbank-276773,107.0,DEBIT,39067.73
2026-05-15,UBER INDIA SYSTEMS-991216,362.83,DEBIT,38704.9
2026-05-18,UPI-UBER INDIA-uber.payments@hdfcbank-624565,83.03,DEBIT,38621.87
2026-05-18,UPI-Swiggy Limited-swiggy@axisbank-136783,124.87,DEBIT,38497.0
2026-05-18,UPI-Rohan Mehta-rohan.mehta@paytm-474112,709.09,DEBIT,37787.91
2026-05-19,UPI-OLA CABS-olamoney@icici-687056,360.31,DEBIT,37427.6
2026-05-19,POS 2210 APOLLO PHARMACY,539.73,DEBIT,36887.87
2026-05-20,POS 3321 UBER TRIP,133.16,DEBIT,36754.71
2026-05-20,UPI-OLA CABS-olamoney@icici-331190,322.8,DEBIT,36431.91
2026-05-20,ANI TECHNOLOGIES PVT LTD-342836,324.94,DEBIT,36106.97
2026-05-20,UPI-OLA CABS-olamoney@icici-306738,291.77,DEBIT,35815.2
2026-05-21,MINDWELL TECHNOLOGIES-699854-AUTOPAY,149,DEBIT,35666.2
2026-05-21,POS 3321 UBER TRIP,91.21,DEBIT,35574.99
2026-05-21,UBER INDIA SYSTEMS-249818,433.85,DEBIT,35141.14
2026-05-21,POS 4521 SWIGGY BANGALORE,283.79,DEBIT,34857.35
2026-05-22,BSES RAJDHANI POWER LTD-016668,2124.9,DEBIT,32732.45
2026-05-22,POS 2210 APOLLO PHARMACY,312.0,DEBIT,32420.45
2026-05-23,UPI-JIO RECHARGE-jio@icici-551104,326.77,DEBIT,32093.68
2026-05-25,UBER INDIA SYSTEMS-801824,437.52,DEBIT,31656.16
2026-05-25,UPI-OLA CABS-olamoney@icici-284395,355.03,DEBIT,31301.13
2026-05-25,UPI-Swiggy Limited-swiggy@axisbank-374989,451.28,DEBIT,30849.85
2026-05-26,IMPS-RENT PAYMENT-569245,14000.0,DEBIT,16849.85
2026-05-26,POS 3321 UBER TRIP,445.11,DEBIT,16404.74
2026-05-27,UPI-ZEPTO-zepto@icici-545892,414.81,DEBIT,15989.93
2026-05-27,UPI-UBER INDIA-uber.payments@hdfcbank-094396,399.6,DEBIT,15590.33
2026-05-27,POS 2210 APOLLO PHARMACY,629.62,DEBIT,14960.71
2026-05-28,UPI-ZEPTO-zepto@icici-001701,756.67,DEBIT,14204.04
2026-05-28,UPI-UBER INDIA-uber.payments@hdfcbank-259532,307.69,DEBIT,13896.35
2026-06-01,UPI-Rohan Mehta-rohan.mehta@ybl-365199-PAYMENT,204.84,DEBIT,13691.51
2026-06-01,UPI-MYNTRA-myntra@icici-152621,845.52,DEBIT,12845.99
2026-06-01,FITZONE FITNESS CENTER-346247,1200,DEBIT,11645.99
2026-06-01,NEFT-TECHCORP SOLUTIONS PVT LTD-SAL-079911,42000,CREDIT,53645.99
2026-06-02,POS 3321 UBER TRIP,94.4,DEBIT,53551.59
2026-06-02,BUNDL TECHNOLOGIES PVT LTD-271094,587.66,DEBIT,52963.93
2026-06-02,BUNDL TECHNOLOGIES PVT LTD-713493,231.11,DEBIT,52732.82
2026-06-03,NETFLIX.COM-842513-RECURRING,199,DEBIT,52533.82
2026-06-03,UPI-BIGBASKET-bigbasket@ybl-371293,1029.62,DEBIT,51504.2
2026-06-03,UPI-SWIGGY-swiggy.16@ybl-229413-PAYMENT,396.97,DEBIT,51107.23
2026-06-04,FLIPKART INTERNET PVT LTD-049451,915.62,DEBIT,50191.61
2026-06-04,BHARTI AIRTEL LTD-278498,799,DEBIT,49392.61
2026-06-05,ANI TECHNOLOGIES PVT LTD-351751,198.18,DEBIT,49194.43
2026-06-05,ANI TECHNOLOGIES PVT LTD-423536,75.35,DEBIT,49119.08
2026-06-05,POS 3321 UBER TRIP,201.35,DEBIT,48917.73
2026-06-05,UPI-CULTFIT-cultfit@ybl-124118,1499,DEBIT,47418.73
2026-06-05,POS 3321 UBER TRIP,271.91,DEBIT,47146.82
2026-06-07,UPI-SWIGGY REFUND-swiggy.92@ybl-937416-REFUND,321.77,CREDIT,47468.59
2026-06-08,UPI-SWIGGY-swiggy.38@ybl-206797-PAYMENT,203.43,DEBIT,47265.16
2026-06-08,UPI-OLA CABS-olamoney@icici-708668,169.24,DEBIT,47095.92
2026-06-09,POS 7782 ZOMATO ONLINE,454.99,DEBIT,46640.93
2026-06-09,POS 1190 AMAZON PAY INDIA,1448.26,DEBIT,45192.67
2026-06-10,UPI-SWIGGY-swiggy.21@ybl-913341-PAYMENT,392.94,DEBIT,44799.73
2026-06-11,UPI-SPOTIFY-spotify@axisbank-493534,119,DEBIT,44680.73
2026-06-11,UBER INDIA SYSTEMS-368970,234.95,DEBIT,44445.78
2026-06-12,POS 7782 ZOMATO ONLINE,408.67,DEBIT,44037.11
2026-06-12,POS 2210 APOLLO PHARMACY,746.54,DEBIT,43290.57
2026-06-12,UPI-ZOMATO-zomato.70@icici-456232,479.56,DEBIT,42811.01
2026-06-12,UPI-ZEPTO-zepto@icici-206436,462.99,DEBIT,42348.02
2026-06-15,UPI-PHARMEASY-pharmeasy@ybl-490211,472.05,DEBIT,41875.97
2026-06-15,BLINKIT INSTAMART-324241,150.84,DEBIT,41725.13
2026-06-15,ANI TECHNOLOGIES PVT LTD-535560,102.54,DEBIT,41622.59
2026-06-15,UPI-BIGBASKET-bigbasket@ybl-121965,1224.95,DEBIT,40397.64
2026-06-16,IMPS-RENT PAYMENT-547935,14000.0,DEBIT,26397.64
2026-06-16,UPI-Swiggy Limited-swiggy@axisbank-047116,331.43,DEBIT,26066.21
2026-06-16,AMAZON SELLER SERVICES-115921,1624.52,DEBIT,24441.69
2026-06-17,FLIPKART INTERNET PVT LTD-315851,618.32,DEBIT,23823.37
2026-06-17,UPI-AMAZON PAY-amazonpay@apl-775891,426.41,DEBIT,23396.96
2026-06-17,UPI-AMAZON PAY-amazonpay@apl-847007,642.32,DEBIT,22754.64
2026-06-17,POS 3321 UBER TRIP,386.47,DEBIT,22368.17
2026-06-17,POS 9012 DMART RETAIL,854.11,DEBIT,21514.06
2026-06-18,UPI-Swiggy Limited-swiggy@axisbank-867749,486.93,DEBIT,21027.13
2026-06-18,ANI TECHNOLOGIES PVT LTD-477725,286.02,DEBIT,20741.11
2026-06-21,MINDWELL TECHNOLOGIES-401640-AUTOPAY,149,DEBIT,20592.11
2026-06-22,UPI-BIGBASKET-bigbasket@ybl-516271,706.33,DEBIT,19885.78
2026-06-22,UBER INDIA SYSTEMS-940974,120.55,DEBIT,19765.23
2026-06-23,UPI-Zomato Limited-367136-PAYMENT,262.54,DEBIT,19502.69
2026-06-24,ANI TECHNOLOGIES PVT LTD-393638,108.71,DEBIT,19393.98
2026-06-24,UPI-OLA CABS-olamoney@icici-469901,343.7,DEBIT,19050.28
2026-06-25,ANI TECHNOLOGIES PVT LTD-854458,163.41,DEBIT,18886.87
2026-06-25,UPI-ZOMATO-zomato.29@icici-974395,485.1,DEBIT,18401.77
2026-06-25,UPI-UBER INDIA-uber.payments@hdfcbank-309130,391.23,DEBIT,18010.54
2026-06-25,UPI-JIO RECHARGE-jio@icici-126788,347.56,DEBIT,17662.98
2026-06-25,PVR LIMITED-156915,366.55,DEBIT,17296.43
2026-06-26,POS 3321 UBER TRIP,439.66,DEBIT,16856.77
2026-06-26,BSES RAJDHANI POWER LTD-803397,1330.03,DEBIT,15526.74
2026-06-26,UPI-ZEPTO-zepto@icici-542622,278.03,DEBIT,15248.71
2026-06-26,UPI-OLA CABS-olamoney@icici-735403,321.36,DEBIT,14927.35
2026-06-27,UPI-Rohan Mehta-rohan.mehta@paytm-215107,1795.17,DEBIT,13132.18
